{
  "project_info": {
    "project_number": "833805548139",
    "firebase_url": "https://health-menh-default-rtdb.firebaseio.com",
    "project_id": "health-menh",
    "storage_bucket": "health-menh.appspot.com"
  },
  "client": [
    {
      "client_info": {
        "mobilesdk_app_id": "1:833805548139:android:8a01739b83de370b678f2e",
        "android_client_info": {
          "package_name": "doctor.healthmen.com.bd"
        }
      },
      "oauth_client": [
        {
          "client_id": "833805548139-5q4v87qc3vapum1ablh3c5nguaqco1r3.apps.googleusercontent.com",
          "client_type": 3
        }
      ],
      "api_key": [
        {
          "current_key": "AIzaSyCsNYdf-BRJEyVHUPbm5_ui_a12I481qWc"
        }
      ],
      "services": {
        "appinvite_service": {
          "other_platform_oauth_client": [
            {
              "client_id": "833805548139-5q4v87qc3vapum1ablh3c5nguaqco1r3.apps.googleusercontent.com",
              "client_type": 3
            }
          ]
        }
      }
    },
    {
      "client_info": {
        "mobilesdk_app_id": "1:833805548139:android:4d60cedc2917e4f2678f2e",
        "android_client_info": {
          "package_name": "healthmen.com.bd.healthmen"
        }
      },
      "oauth_client": [
        {
          "client_id": "833805548139-agt127qm1lgi0f75ek7q28ico6as4m3a.apps.googleusercontent.com",
          "client_type": 1,
          "android_info": {
            "package_name": "healthmen.com.bd.healthmen",
            "certificate_hash": "467c5e196a1cebd03429e1417a1b67e191394353"
          }
        },
        {
          "client_id": "833805548139-5q4v87qc3vapum1ablh3c5nguaqco1r3.apps.googleusercontent.com",
          "client_type": 3
        }
      ],
      "api_key": [
        {
          "current_key": "AIzaSyCsNYdf-BRJEyVHUPbm5_ui_a12I481qWc"
        }
      ],
      "services": {
        "appinvite_service": {
          "other_platform_oauth_client": [
            {
              "client_id": "833805548139-5q4v87qc3vapum1ablh3c5nguaqco1r3.apps.googleusercontent.com",
              "client_type": 3
            }
          ]
        }
      }
    }
  ],
  "configuration_version": "1"
}