{
  "project_info": {
    "project_number": "262108591796",
    "firebase_url": "https://helthmen-4a824-default-rtdb.firebaseio.com",
    "project_id": "helthmen-4a824",
    "storage_bucket": "helthmen-4a824.appspot.com"
  },
  "client": [
    {
      "client_info": {
        "mobilesdk_app_id": "1:262108591796:android:75e04d1933e1e14c0709e1",
        "android_client_info": {
          "package_name": "healthmen.com.bd.doctor"
        }
      },
      "oauth_client": [
        {
          "client_id": "262108591796-5cd8kkfd8s11vkumt4sf15lu99boroqh.apps.googleusercontent.com",
          "client_type": 3
        }
      ],
      "api_key": [
        {
          "current_key": "AIzaSyCAtNhq30S5sTJp6Gy1Z3WzMn-V7ULI5KY"
        }
      ],
      "services": {
        "appinvite_service": {
          "other_platform_oauth_client": [
            {
              "client_id": "262108591796-5cd8kkfd8s11vkumt4sf15lu99boroqh.apps.googleusercontent.com",
              "client_type": 3
            }
          ]
        }
      }
    },
    {
      "client_info": {
        "mobilesdk_app_id": "1:262108591796:android:a25be2e583501ac20709e1",
        "android_client_info": {
          "package_name": "patient.healthmen.com.bd"
        }
      },
      "oauth_client": [
        {
          "client_id": "262108591796-5cd8kkfd8s11vkumt4sf15lu99boroqh.apps.googleusercontent.com",
          "client_type": 3
        }
      ],
      "api_key": [
        {
          "current_key": "AIzaSyCAtNhq30S5sTJp6Gy1Z3WzMn-V7ULI5KY"
        }
      ],
      "services": {
        "appinvite_service": {
          "other_platform_oauth_client": [
            {
              "client_id": "262108591796-5cd8kkfd8s11vkumt4sf15lu99boroqh.apps.googleusercontent.com",
              "client_type": 3
            }
          ]
        }
      }
    }
  ],
  "configuration_version": "1"
}